[
  {
    "id": 1730422876955,
    "name": "Saia Y2k",
    "category": "Roupas",
    "quantity": 100,
    "price": 600,
    "nome": "Iphone 16",
    "Categoria0": "Eletrônicos",
    "quantidade": 808,
    "preço": 4500
  },
  {
    "id": 1730422889584,
    "name": "Tenis",
    "category": "Calçados",
    "quantity": 200,
    "price": 160
  },
  {
    "id": 1938261239384,
    "name": "Bolsa da Padra",
    "category": "Acessrios",
    "quantity": 85,
    "price": 9500
  },
  {
    "id": 1730738106874,
    "name": "Escrivaninha",
    "category": "Móveis",
    "quantity": 70,
    "price": 320
  }
]